<?xml version="1.0"?>

<proizvodi>
    <proizvod>
        <Proizvodac>Gaomon</Proizvodac>
        <reprezentacija>gaom106K.png</reprezentacija>
        <Ime>Gaomon M106K</Ime>
        <Cijena>100</Cijena>
        <kategorija>Digitalno crtanje</kategorija>
    </proizvod>
    <proizvod>
        <Proizvodac>Gaomon</Proizvodac>
        <reprezentacija>PD156 PRO.png</reprezentacija>
        <Ime>Gaomon PD156 PRO</Ime>
        <Cijena>400</Cijena>
        <kategorija>Digitalno crtanje</kategorija>
    </proizvod>
    <proizvod>
        <Proizvodac>Gaomon</Proizvodac>
        <reprezentacija>gaomk10pro.png</reprezentacija>
        <Ime>Gaomon MK10 PRO</Ime>
        <Cijena>200</Cijena>
        <kategorija>Digitalno crtanje</kategorija>
    </proizvod>
    <proizvod>
        <Proizvodac>St. Peterburg</Proizvodac>
        <reprezentacija>vodeneboje.png</reprezentacija>
        <Ime>St. Peterburg White Nights</Ime>
        <Cijena>23</Cijena>
        <kategorija>Vodene boje</kategorija>
    </proizvod>
    <proizvod>
        <Proizvodac>Umton</Proizvodac>
        <reprezentacija>tempere.png</reprezentacija>
        <Ime>Umton T-92</Ime>
        <Cijena>35</Cijena>
        <kategorija>Tempere</kategorija>
    </proizvod>
    <proizvod>
        <Proizvodac>Nevskaya Palitra</Proizvodac>
        <reprezentacija>uljaneboje</reprezentacija>
        <Ime>Nevskaya Palitra Master Class</Ime>
        <Cijena>26</Cijena>
        <kategorija></kategorija>
    </proizvod>
</proizvodi>